,starttime,stoptime,start station id,end station id
0,9/1/2015 00:00:00,9/1/2015 00:04:48,263,307
1,9/1/2015 00:00:00,9/1/2015 00:02:45,495,449
2,9/1/2015 00:00:01,9/1/2015 00:06:08,3119,3118
3,9/1/2015 00:00:07,9/1/2015 00:15:34,536,340
4,9/1/2015 00:00:09,9/1/2015 00:11:07,347,483
5,9/1/2015 00:00:13,9/1/2015 00:06:46,2004,254
6,9/1/2015 00:00:49,9/1/2015 00:02:52,173,450
7,9/1/2015 00:00:49,9/1/2015 00:18:41,397,3044
8,9/1/2015 00:00:53,9/1/2015 00:03:44,536,476
9,9/1/2015 00:00:55,9/1/2015 00:19:01,397,3044
10,9/1/2015 00:01:05,9/1/2015 00:04:15,307,412
11,9/1/2015 00:01:06,9/1/2015 00:13:02,3075,364
12,9/1/2015 00:01:37,9/1/2015 00:08:56,361,356
13,9/1/2015 00:01:51,9/1/2015 00:15:55,358,147
14,9/1/2015 00:02:01,9/1/2015 00:16:51,410,3087
15,9/1/2015 00:02:10,9/1/2015 00:27:24,509,494
16,9/1/2015 00:02:09,9/1/2015 00:09:56,2003,474
17,9/1/2015 00:02:10,9/1/2015 00:05:28,450,479
18,9/1/2015 00:02:36,9/1/2015 00:28:15,386,386
19,9/1/2015 00:02:36,9/1/2015 00:11:55,285,382
20,9/1/2015 00:02:50,9/1/2015 00:12:41,479,458
21,9/1/2015 00:03:01,9/1/2015 00:23:49,3133,334
22,9/1/2015 00:03:08,9/1/2015 00:12:53,479,458
23,9/1/2015 00:03:20,9/1/2015 00:28:28,386,386
24,9/1/2015 00:03:21,9/1/2015 00:23:49,3133,334
25,9/1/2015 00:03:25,9/1/2015 00:14:59,2021,500
26,9/1/2015 00:03:26,9/1/2015 00:14:00,495,468
27,9/1/2015 00:04:20,9/1/2015 00:19:06,488,3223
28,9/1/2015 00:04:21,9/1/2015 00:07:15,316,279
29,9/1/2015 00:04:24,9/1/2015 00:15:30,463,72
30,9/1/2015 00:04:30,9/1/2015 00:17:46,274,437
31,9/1/2015 00:04:31,9/1/2015 00:09:49,317,2003
32,9/1/2015 00:04:31,9/1/2015 00:09:22,545,325
33,9/1/2015 00:04:32,9/1/2015 00:17:27,326,116
34,9/1/2015 00:05:05,9/1/2015 00:17:58,274,437
35,9/1/2015 00:05:13,9/1/2015 00:19:55,368,488
36,9/1/2015 00:05:44,9/1/2015 00:09:41,3118,3113
37,9/1/2015 00:05:56,9/1/2015 00:11:08,442,482
38,9/1/2015 00:06:11,9/1/2015 00:08:56,348,161
39,9/1/2015 00:06:32,9/1/2015 00:15:08,386,2008
40,9/1/2015 00:06:49,9/1/2015 00:25:58,3133,545
41,9/1/2015 00:07:04,9/1/2015 00:34:16,539,3058
42,9/1/2015 00:07:18,9/1/2015 00:22:31,347,446
43,9/1/2015 00:07:20,9/1/2015 00:19:15,518,438
44,9/1/2015 00:07:31,9/1/2015 00:14:02,468,515
45,9/1/2015 00:07:32,9/1/2015 00:12:59,528,472
46,9/1/2015 00:07:35,9/1/2015 00:24:26,479,498
47,9/1/2015 00:07:39,9/1/2015 00:23:55,396,481
48,9/1/2015 00:07:57,9/1/2015 00:10:17,294,369
49,9/1/2015 00:07:58,9/1/2015 00:13:58,296,291
50,9/1/2015 00:08:01,9/1/2015 00:16:15,293,545
51,9/1/2015 00:08:08,9/1/2015 00:34:05,539,3058
52,9/1/2015 00:08:10,9/1/2015 00:27:23,539,344
53,9/1/2015 00:08:29,9/1/2015 00:15:34,509,458
54,9/1/2015 00:08:39,9/1/2015 00:13:53,294,325
55,9/1/2015 00:09:05,9/1/2015 00:19:44,515,435
56,9/1/2015 00:09:12,9/1/2015 00:32:46,393,3117
57,9/1/2015 00:09:22,9/1/2015 00:16:16,477,458
58,9/1/2015 00:09:37,9/1/2015 00:13:03,382,383
59,9/1/2015 00:10:35,9/1/2015 00:31:34,212,311
60,9/1/2015 00:11:00,9/1/2015 00:31:13,2021,432
61,9/1/2015 00:11:46,9/1/2015 00:30:06,312,534
62,9/1/2015 00:11:49,9/1/2015 00:21:29,521,537
63,9/1/2015 00:11:56,9/1/2015 00:33:44,487,514
64,9/1/2015 00:12:36,9/1/2015 00:33:31,482,2021
65,9/1/2015 00:12:37,9/1/2015 00:33:30,482,2021
66,9/1/2015 00:12:48,9/1/2015 00:18:50,3110,3115
67,9/1/2015 00:12:50,9/1/2015 00:33:14,405,439
68,9/1/2015 00:12:52,9/1/2015 00:16:37,3093,481
69,9/1/2015 00:12:58,9/1/2015 00:17:39,355,417
70,9/1/2015 00:13:03,9/1/2015 00:22:59,453,474
71,9/1/2015 00:13:04,9/1/2015 00:42:31,325,245
72,9/1/2015 00:13:26,9/1/2015 00:27:56,428,444
73,9/1/2015 00:13:38,9/1/2015 00:29:57,497,479
74,9/1/2015 00:13:47,9/1/2015 00:16:06,507,528
75,9/1/2015 00:13:46,9/1/2015 00:19:24,454,367
76,9/1/2015 00:13:49,9/1/2015 00:25:50,483,331
77,9/1/2015 00:14:00,9/1/2015 00:36:54,160,295
78,9/1/2015 00:13:59,9/1/2015 00:23:02,477,367
79,9/1/2015 00:13:59,9/1/2015 00:28:12,447,173
80,9/1/2015 00:14:00,9/1/2015 00:24:06,3117,3107
81,9/1/2015 00:14:00,9/1/2015 00:21:51,536,326
82,9/1/2015 00:14:03,9/1/2015 00:19:04,308,311
83,9/1/2015 00:14:05,9/1/2015 00:18:01,3093,3104
84,9/1/2015 00:14:17,9/1/2015 01:18:15,280,511
85,9/1/2015 00:14:20,9/1/2015 00:23:59,480,490
86,9/1/2015 00:14:24,9/1/2015 00:27:54,447,173
87,9/1/2015 00:14:43,9/1/2015 00:19:50,3103,471
88,9/1/2015 00:14:45,9/1/2015 00:42:13,387,459
89,9/1/2015 00:14:45,9/1/2015 00:29:09,387,239
90,9/1/2015 00:15:02,9/1/2015 00:42:12,387,459
91,9/1/2015 00:15:02,9/1/2015 00:42:01,387,459
92,9/1/2015 00:15:12,9/1/2015 00:26:21,517,500
93,9/1/2015 00:15:42,9/1/2015 00:22:40,297,527
94,9/1/2015 00:15:42,9/1/2015 00:23:18,498,478
95,9/1/2015 00:15:50,9/1/2015 00:20:54,3092,3112
96,9/1/2015 00:16:26,9/1/2015 00:18:22,423,469
97,9/1/2015 00:16:45,9/1/2015 00:30:58,335,470
98,9/1/2015 00:16:52,9/1/2015 00:35:32,453,433
99,9/1/2015 00:16:54,9/1/2015 00:28:56,285,531
100,9/1/2015 00:17:03,9/1/2015 00:27:44,496,439
101,9/1/2015 00:17:14,9/1/2015 00:22:49,519,228
102,9/1/2015 00:17:15,9/1/2015 00:23:10,297,507
103,9/1/2015 00:17:15,9/1/2015 00:28:53,494,368
104,9/1/2015 00:17:15,9/1/2015 00:28:52,494,368
105,9/1/2015 00:17:28,9/1/2015 00:26:25,293,487
106,9/1/2015 00:17:37,9/1/2015 00:23:34,293,497
107,9/1/2015 00:18:00,9/1/2015 00:27:17,519,448
108,9/1/2015 00:17:59,9/1/2015 00:21:12,498,492
109,9/1/2015 00:18:07,9/1/2015 00:54:18,529,401
110,9/1/2015 00:18:09,9/1/2015 00:21:28,527,476
111,9/1/2015 00:18:12,9/1/2015 00:36:59,229,444
112,9/1/2015 00:18:30,9/1/2015 00:46:29,529,401
113,9/1/2015 00:18:31,9/1/2015 00:32:56,438,494
114,9/1/2015 00:18:43,9/1/2015 00:24:30,410,251
115,9/1/2015 00:18:48,9/1/2015 00:29:56,336,152
116,9/1/2015 00:18:54,9/1/2015 00:21:08,498,492
117,9/1/2015 00:19:10,9/1/2015 00:28:39,268,410
118,9/1/2015 00:19:12,9/1/2015 00:35:54,229,444
119,9/1/2015 00:19:18,9/1/2015 00:30:02,336,152
120,9/1/2015 00:19:23,9/1/2015 00:41:31,3081,3074
121,9/1/2015 00:19:25,9/1/2015 00:41:35,3081,3074
122,9/1/2015 00:19:27,9/1/2015 00:24:13,3055,396
123,9/1/2015 00:19:46,9/1/2015 00:43:40,430,144
124,9/1/2015 00:20:00,9/1/2015 00:22:00,3081,3086
125,9/1/2015 00:20:08,9/1/2015 00:36:35,361,353
126,9/1/2015 00:20:18,9/1/2015 00:26:26,519,498
127,9/1/2015 00:20:19,9/1/2015 00:27:30,225,458
128,9/1/2015 00:20:19,9/1/2015 00:23:23,3112,3104
129,9/1/2015 00:20:30,9/1/2015 00:31:37,127,326
130,9/1/2015 00:20:45,9/1/2015 00:25:48,410,361
131,9/1/2015 00:20:51,9/1/2015 00:24:58,504,2012
132,9/1/2015 00:20:56,9/1/2015 00:28:08,490,450
133,9/1/2015 00:21:11,9/1/2015 00:27:08,433,301
134,9/1/2015 00:21:12,9/1/2015 00:59:06,470,470
135,9/1/2015 00:21:27,9/1/2015 00:27:34,417,2010
136,9/1/2015 00:21:27,9/1/2015 00:45:11,332,3002
137,9/1/2015 00:22:23,9/1/2015 00:41:54,382,350
138,9/1/2015 00:22:23,9/1/2015 00:38:40,320,511
139,9/1/2015 00:22:27,9/1/2015 00:42:26,251,225
140,9/1/2015 00:22:39,9/1/2015 00:26:49,312,350
141,9/1/2015 00:22:58,9/1/2015 00:40:53,405,250
142,9/1/2015 00:23:24,9/1/2015 00:29:06,3044,3042
143,9/1/2015 00:23:33,9/1/2015 00:29:33,3044,3042
144,9/1/2015 00:23:38,9/1/2015 00:34:42,383,507
145,9/1/2015 00:23:42,9/1/2015 00:38:18,128,3002
146,9/1/2015 00:23:46,9/1/2015 00:37:10,405,504
147,9/1/2015 00:23:51,9/1/2015 00:35:44,519,2022
148,9/1/2015 00:24:43,9/1/2015 00:34:12,526,479
149,9/1/2015 00:25:04,9/1/2015 00:45:08,519,329
150,9/1/2015 00:25:10,9/1/2015 00:38:49,494,377
151,9/1/2015 00:25:11,9/1/2015 00:31:16,503,470
152,9/1/2015 00:25:14,9/1/2015 00:32:36,257,152
153,9/1/2015 00:25:19,9/1/2015 00:30:42,352,385
154,9/1/2015 00:25:31,9/1/2015 00:43:07,128,489
155,9/1/2015 00:25:44,9/1/2015 00:57:51,417,422
156,9/1/2015 00:26:01,9/1/2015 00:33:48,507,167
157,9/1/2015 00:26:01,9/1/2015 00:32:44,470,491
158,9/1/2015 00:26:07,9/1/2015 00:32:16,433,393
159,9/1/2015 00:26:23,9/1/2015 00:38:29,527,297
160,9/1/2015 00:26:40,9/1/2015 00:31:46,426,3002
161,9/1/2015 00:27:02,9/1/2015 00:32:47,489,489
162,9/1/2015 00:27:02,9/1/2015 00:35:22,527,402
163,9/1/2015 00:27:05,9/1/2015 00:35:19,527,402
164,9/1/2015 00:27:44,9/1/2015 00:33:03,531,356
165,9/1/2015 00:27:53,9/1/2015 00:30:48,492,446
166,9/1/2015 00:28:08,9/1/2015 00:33:45,510,480
167,9/1/2015 00:28:27,9/1/2015 00:35:03,512,116
168,9/1/2015 00:28:50,9/1/2015 00:33:27,489,434
169,9/1/2015 00:28:50,9/1/2015 00:47:26,494,433
170,9/1/2015 00:28:53,9/1/2015 00:46:06,524,403
171,9/1/2015 00:28:55,9/1/2015 00:43:56,449,368
172,9/1/2015 00:29:00,9/1/2015 00:33:00,331,412
173,9/1/2015 00:29:07,9/1/2015 00:47:09,396,467
174,9/1/2015 00:29:09,9/1/2015 00:52:35,519,2012
175,9/1/2015 00:29:14,9/1/2015 00:41:08,336,296
176,9/1/2015 00:29:19,9/1/2015 00:39:17,361,264
177,9/1/2015 00:29:21,9/1/2015 00:35:45,284,483
178,9/1/2015 00:29:22,9/1/2015 00:41:55,334,439
179,9/1/2015 00:29:47,9/1/2015 00:52:35,519,2012
180,9/1/2015 00:29:46,9/1/2015 00:43:56,285,312
181,9/1/2015 00:29:57,9/1/2015 00:39:27,3084,3110
182,9/1/2015 00:29:59,9/1/2015 00:33:58,494,379
183,9/1/2015 00:30:12,9/1/2015 00:38:37,151,432
184,9/1/2015 00:30:32,9/1/2015 00:33:57,474,496
185,9/1/2015 00:30:45,9/1/2015 00:52:32,519,2012
186,9/1/2015 00:31:24,9/1/2015 00:40:31,389,3076
187,9/1/2015 00:31:36,9/1/2015 00:40:21,389,3076
188,9/1/2015 00:31:52,9/1/2015 00:46:07,2000,258
189,9/1/2015 00:31:58,9/1/2015 00:40:19,389,3076
190,9/1/2015 00:32:09,9/1/2015 00:39:19,361,302
191,9/1/2015 00:33:00,9/1/2015 00:44:07,494,465
192,9/1/2015 00:33:12,9/1/2015 00:44:07,494,465
193,9/1/2015 00:33:17,9/1/2015 01:08:22,517,3133
194,9/1/2015 00:33:30,9/1/2015 00:50:02,360,301
195,9/1/2015 00:33:30,9/1/2015 00:44:56,526,161
196,9/1/2015 00:34:21,9/1/2015 00:42:17,477,490
197,9/1/2015 00:34:32,9/1/2015 00:42:22,492,527
198,9/1/2015 00:35:24,9/1/2015 00:39:10,450,480
199,9/1/2015 00:35:27,9/1/2015 00:42:15,494,491
200,9/1/2015 00:35:36,9/1/2015 00:55:17,83,3042
201,9/1/2015 00:35:47,9/1/2015 00:44:10,527,546
202,9/1/2015 00:35:58,9/1/2015 00:58:03,358,2009
203,9/1/2015 00:36:07,9/1/2015 00:46:28,293,3224
204,9/1/2015 00:36:28,9/1/2015 00:47:03,293,3224
205,9/1/2015 00:36:32,9/1/2015 00:43:23,252,251
206,9/1/2015 00:36:36,9/1/2015 00:46:20,519,446
207,9/1/2015 00:36:38,9/1/2015 00:45:37,358,334
208,9/1/2015 00:37:00,9/1/2015 00:41:21,350,401
209,9/1/2015 00:37:26,9/1/2015 00:45:08,312,348
210,9/1/2015 00:37:50,9/1/2015 00:51:23,377,376
211,9/1/2015 00:37:55,9/1/2015 00:45:12,359,527
212,9/1/2015 00:38:09,9/1/2015 00:40:31,521,512
213,9/1/2015 00:38:12,9/1/2015 00:46:28,293,3224
214,9/1/2015 00:38:12,9/1/2015 00:45:47,161,497
215,9/1/2015 00:38:24,9/1/2015 01:04:49,336,467
216,9/1/2015 00:38:26,9/1/2015 01:16:29,433,3115
217,9/1/2015 00:38:33,9/1/2015 00:41:12,376,415
218,9/1/2015 00:38:34,9/1/2015 00:50:40,447,441
219,9/1/2015 00:38:42,9/1/2015 00:50:56,228,513
220,9/1/2015 00:38:49,9/1/2015 01:03:55,445,408
221,9/1/2015 00:38:54,9/1/2015 00:48:43,494,488
222,9/1/2015 00:39:01,9/1/2015 00:52:07,367,379
223,9/1/2015 00:39:14,9/1/2015 00:51:02,521,238
224,9/1/2015 00:39:30,9/1/2015 01:07:17,284,382
225,9/1/2015 00:39:32,9/1/2015 01:08:41,493,3002
226,9/1/2015 00:39:33,9/1/2015 00:43:09,364,258
227,9/1/2015 00:39:59,9/1/2015 00:49:12,536,511
228,9/1/2015 00:40:06,9/1/2015 00:53:42,492,545
229,9/1/2015 00:40:26,9/1/2015 00:47:51,250,432
230,9/1/2015 00:40:45,9/1/2015 00:53:44,540,174
231,9/1/2015 00:41:04,9/1/2015 00:51:09,510,160
232,9/1/2015 00:42:01,9/1/2015 00:49:19,328,147
233,9/1/2015 00:42:37,9/1/2015 01:02:27,116,312
234,9/1/2015 00:42:48,9/1/2015 07:43:18,392,3222
235,9/1/2015 00:43:04,9/1/2015 01:09:57,358,391
236,9/1/2015 00:43:13,9/1/2015 01:03:30,494,236
237,9/1/2015 00:43:15,9/1/2015 00:48:15,412,151
238,9/1/2015 00:43:16,9/1/2015 01:23:33,386,398
239,9/1/2015 00:43:17,9/1/2015 00:57:47,468,468
240,9/1/2015 00:43:21,9/1/2015 01:23:54,386,398
241,9/1/2015 00:43:24,9/1/2015 00:47:58,415,306
242,9/1/2015 00:43:31,9/1/2015 01:06:24,444,442
243,9/1/2015 00:43:36,9/1/2015 01:08:50,2021,441
244,9/1/2015 00:43:39,9/1/2015 00:57:41,517,445
245,9/1/2015 00:43:39,9/1/2015 00:49:52,3086,3094
246,9/1/2015 00:44:06,9/1/2015 00:47:24,493,479
247,9/1/2015 00:44:23,9/1/2015 00:52:59,324,365
248,9/1/2015 00:44:28,9/1/2015 00:52:45,357,509
249,9/1/2015 00:44:36,9/1/2015 00:55:59,259,224
250,9/1/2015 00:44:46,9/1/2015 00:58:14,455,394
251,9/1/2015 00:44:47,9/1/2015 01:00:07,3158,526
252,9/1/2015 00:44:47,9/1/2015 00:47:33,532,443
253,9/1/2015 00:44:49,9/1/2015 00:47:00,523,533
254,9/1/2015 00:45:13,9/1/2015 00:57:30,401,346
255,9/1/2015 00:45:22,9/1/2015 01:12:41,510,320
256,9/1/2015 00:45:43,9/1/2015 00:55:10,297,345
257,9/1/2015 00:45:47,9/1/2015 00:56:31,251,264
258,9/1/2015 00:45:57,9/1/2015 01:14:27,2000,258
259,9/1/2015 00:46:09,9/1/2015 01:08:06,459,513
260,9/1/2015 00:46:09,9/1/2015 01:06:25,459,513
261,9/1/2015 00:46:16,9/1/2015 01:06:59,459,513
262,9/1/2015 00:47:01,9/1/2015 01:00:17,3224,317
263,9/1/2015 00:47:10,9/1/2015 00:50:35,417,329
264,9/1/2015 00:47:32,9/1/2015 00:58:34,463,477
265,9/1/2015 00:47:32,9/1/2015 00:56:02,403,295
266,9/1/2015 00:47:36,9/1/2015 01:03:58,394,376
267,9/1/2015 00:48:13,9/1/2015 00:59:03,504,403
268,9/1/2015 00:48:55,9/1/2015 00:52:21,402,486
269,9/1/2015 00:48:57,9/1/2015 00:52:05,500,450
270,9/1/2015 00:49:28,9/1/2015 00:55:56,3084,3067
271,9/1/2015 00:49:36,9/1/2015 01:26:39,3002,525
272,9/1/2015 00:49:53,9/1/2015 00:59:06,116,294
273,9/1/2015 00:50:02,9/1/2015 01:00:28,503,432
274,9/1/2015 00:50:10,9/1/2015 01:06:50,346,238
275,9/1/2015 00:50:25,9/1/2015 08:08:52,3105,521
276,9/1/2015 00:50:52,9/1/2015 00:57:39,482,489
277,9/1/2015 00:50:54,9/1/2015 01:01:57,358,268
278,9/1/2015 00:50:58,9/1/2015 00:56:11,161,496
279,9/1/2015 00:51:08,9/1/2015 01:01:28,453,453
280,9/1/2015 00:51:31,9/1/2015 01:14:05,500,445
281,9/1/2015 00:51:46,9/1/2015 00:57:50,331,311
282,9/1/2015 00:51:54,9/1/2015 00:53:45,512,489
283,9/1/2015 00:51:57,9/1/2015 01:01:14,229,302
284,9/1/2015 00:52:05,9/1/2015 00:57:29,285,369
285,9/1/2015 00:52:39,9/1/2015 01:06:00,410,540
286,9/1/2015 00:52:41,9/1/2015 00:55:30,224,309
287,9/1/2015 00:52:42,9/1/2015 01:18:17,446,3130
288,9/1/2015 00:52:49,9/1/2015 01:09:01,251,539
289,9/1/2015 00:53:18,9/1/2015 01:00:44,380,293
290,9/1/2015 00:53:21,9/1/2015 01:01:02,367,527
291,9/1/2015 00:54:06,9/1/2015 01:00:55,401,151
292,9/1/2015 00:54:22,9/1/2015 01:05:49,151,487
293,9/1/2015 00:55:39,9/1/2015 01:02:43,432,361
294,9/1/2015 00:55:43,9/1/2015 01:06:31,116,472
295,9/1/2015 00:56:17,9/1/2015 01:10:54,498,301
296,9/1/2015 00:56:26,9/1/2015 01:10:50,470,478
297,9/1/2015 00:56:35,9/1/2015 01:00:39,401,151
298,9/1/2015 00:56:53,9/1/2015 01:07:55,293,507
299,9/1/2015 00:57:09,9/1/2015 01:11:31,380,427
300,9/1/2015 00:57:38,9/1/2015 01:06:07,72,388
301,9/1/2015 00:58:13,9/1/2015 01:01:43,161,382
302,9/1/2015 00:58:23,9/1/2015 01:03:22,531,229
303,9/1/2015 00:58:24,9/1/2015 01:03:12,476,505
304,9/1/2015 00:58:33,9/1/2015 01:13:59,2012,325
305,9/1/2015 00:58:37,9/1/2015 01:13:29,2012,325
306,9/1/2015 00:58:38,9/1/2015 01:14:10,2012,325
307,9/1/2015 00:58:41,9/1/2015 01:02:04,3094,3102
308,9/1/2015 00:58:54,9/1/2015 01:01:29,352,281
309,9/1/2015 00:59:03,9/1/2015 01:02:40,386,316
310,9/1/2015 00:59:08,9/1/2015 01:08:57,379,536
311,9/1/2015 00:59:17,9/1/2015 01:21:26,435,2004
312,9/1/2015 00:59:56,9/1/2015 01:01:48,293,483
313,9/1/2015 01:00:04,9/1/2015 01:08:03,496,293
314,9/1/2015 01:00:27,9/1/2015 01:10:48,253,489
315,9/1/2015 01:00:30,9/1/2015 01:14:19,3222,3044
316,9/1/2015 01:00:34,9/1/2015 01:15:09,2008,358
317,9/1/2015 01:00:45,9/1/2015 01:04:19,529,478
318,9/1/2015 01:02:17,9/1/2015 01:17:41,457,528
319,9/1/2015 01:02:48,9/1/2015 01:07:15,479,480
320,9/1/2015 01:02:51,9/1/2015 01:17:16,236,379
321,9/1/2015 01:03:04,9/1/2015 01:10:37,376,304
322,9/1/2015 01:03:14,9/1/2015 01:10:14,376,304
323,9/1/2015 01:03:28,9/1/2015 01:05:49,324,241
324,9/1/2015 01:04:16,9/1/2015 01:12:22,498,488
325,9/1/2015 01:04:24,9/1/2015 01:10:36,423,173
326,9/1/2015 01:04:23,9/1/2015 01:10:49,423,173
327,9/1/2015 01:04:33,9/1/2015 01:06:42,348,161
328,9/1/2015 01:04:47,9/1/2015 01:12:31,519,498
329,9/1/2015 01:04:49,9/1/2015 01:16:56,306,328
330,9/1/2015 01:04:52,9/1/2015 01:17:00,306,328
331,9/1/2015 01:04:55,9/1/2015 01:12:59,498,488
332,9/1/2015 01:04:56,9/1/2015 01:09:15,3086,3094
333,9/1/2015 01:04:59,9/1/2015 01:11:28,463,489
334,9/1/2015 01:04:58,9/1/2015 01:25:43,2003,3070
335,9/1/2015 01:05:40,9/1/2015 01:32:49,368,268
336,9/1/2015 01:05:41,9/1/2015 01:15:00,3224,335
337,9/1/2015 01:05:45,9/1/2015 01:16:46,529,518
338,9/1/2015 01:05:53,9/1/2015 01:14:58,3224,335
339,9/1/2015 01:06:04,9/1/2015 01:15:43,526,450
340,9/1/2015 01:06:06,9/1/2015 01:21:10,528,3158
341,9/1/2015 01:06:18,9/1/2015 01:41:59,476,3090
342,9/1/2015 01:06:23,9/1/2015 01:07:35,316,376
343,9/1/2015 01:06:36,9/1/2015 01:09:41,497,168
344,9/1/2015 01:06:53,9/1/2015 01:18:48,300,518
345,9/1/2015 01:06:59,9/1/2015 01:18:51,405,309
346,9/1/2015 01:07:32,9/1/2015 01:21:56,346,325
347,9/1/2015 01:07:39,9/1/2015 01:16:44,537,300
348,9/1/2015 01:08:54,9/1/2015 01:16:56,331,279
349,9/1/2015 01:09:03,9/1/2015 01:16:29,382,432
350,9/1/2015 01:09:17,9/1/2015 01:16:07,504,511
351,9/1/2015 01:09:27,9/1/2015 01:24:51,137,507
352,9/1/2015 01:09:56,9/1/2015 01:15:02,486,379
353,9/1/2015 01:11:27,9/1/2015 01:20:04,393,483
354,9/1/2015 01:12:01,9/1/2015 01:22:21,334,529
355,9/1/2015 01:13:09,9/1/2015 01:21:55,468,515
356,9/1/2015 01:13:13,9/1/2015 01:22:47,521,212
357,9/1/2015 01:13:34,9/1/2015 01:19:54,478,388
358,9/1/2015 01:14:42,9/1/2015 01:17:07,345,369
359,9/1/2015 01:14:41,9/1/2015 01:30:39,3087,410
360,9/1/2015 01:15:36,9/1/2015 01:27:41,173,2022
361,9/1/2015 01:15:39,9/1/2015 01:27:43,173,2022
362,9/1/2015 01:15:48,9/1/2015 01:19:20,334,509
363,9/1/2015 01:15:49,9/1/2015 01:22:24,382,433
364,9/1/2015 01:16:08,9/1/2015 01:24:55,481,3110
365,9/1/2015 01:16:10,9/1/2015 01:22:09,242,390
366,9/1/2015 01:16:12,9/1/2015 01:24:58,481,3110
367,9/1/2015 01:16:16,9/1/2015 01:29:57,252,531
368,9/1/2015 01:16:46,9/1/2015 01:31:58,168,519
369,9/1/2015 01:16:54,9/1/2015 01:38:40,325,252
370,9/1/2015 01:17:10,9/1/2015 01:38:43,325,252
371,9/1/2015 01:17:23,9/1/2015 01:29:14,293,462
372,9/1/2015 01:17:26,9/1/2015 01:23:20,367,160
373,9/1/2015 01:17:31,9/1/2015 01:20:00,391,216
374,9/1/2015 01:18:24,9/1/2015 01:26:28,326,161
375,9/1/2015 01:18:37,9/1/2015 01:38:44,325,252
376,9/1/2015 01:19:14,9/1/2015 01:23:57,326,428
377,9/1/2015 01:19:22,9/1/2015 01:42:10,225,480
378,9/1/2015 01:19:47,9/1/2015 01:24:43,3105,3112
379,9/1/2015 01:20:12,9/1/2015 01:24:34,127,284
380,9/1/2015 01:20:35,9/1/2015 01:34:49,357,161
381,9/1/2015 01:20:42,9/1/2015 01:37:43,528,356
382,9/1/2015 01:20:47,9/1/2015 01:25:09,472,536
383,9/1/2015 01:20:52,9/1/2015 01:35:58,488,305
384,9/1/2015 01:20:53,9/1/2015 01:41:20,326,334
385,9/1/2015 01:20:57,9/1/2015 01:31:03,380,488
386,9/1/2015 01:22:15,9/1/2015 01:38:49,465,522
387,9/1/2015 01:22:17,9/1/2015 01:38:56,465,522
388,9/1/2015 01:23:33,9/1/2015 01:52:31,380,312
389,9/1/2015 01:23:33,9/1/2015 01:53:36,380,312
390,9/1/2015 01:23:57,9/1/2015 01:30:23,521,458
391,9/1/2015 01:24:26,9/1/2015 01:30:05,473,445
392,9/1/2015 01:25:19,9/1/2015 01:28:37,3086,3087
393,9/1/2015 01:26:08,9/1/2015 01:29:43,325,2003
394,9/1/2015 01:26:10,9/1/2015 01:29:01,161,348
395,9/1/2015 01:26:40,9/1/2015 01:41:20,284,518
396,9/1/2015 01:27:37,9/1/2015 01:35:21,3101,3117
397,9/1/2015 01:27:58,9/1/2015 01:39:27,3074,282
398,9/1/2015 01:28:15,9/1/2015 01:36:43,479,499
399,9/1/2015 01:29:32,9/1/2015 01:39:14,380,382
400,9/1/2015 01:30:37,9/1/2015 01:36:58,335,432
401,9/1/2015 01:30:59,9/1/2015 01:34:07,521,477
402,9/1/2015 01:31:07,9/1/2015 01:39:12,380,382
403,9/1/2015 01:31:12,9/1/2015 01:48:56,505,386
404,9/1/2015 01:31:29,9/1/2015 01:34:55,416,399
405,9/1/2015 01:31:30,9/1/2015 01:39:20,521,434
406,9/1/2015 01:32:02,9/1/2015 01:34:57,472,536
407,9/1/2015 01:32:40,9/1/2015 01:57:32,225,137
408,9/1/2015 01:32:53,9/1/2015 01:42:27,402,483
409,9/1/2015 01:33:03,9/1/2015 01:59:43,518,431
410,9/1/2015 01:34:00,9/1/2015 01:44:13,300,229
411,9/1/2015 01:34:17,9/1/2015 01:54:16,265,362
412,9/1/2015 01:34:21,9/1/2015 01:46:01,349,349
413,9/1/2015 01:34:36,9/1/2015 01:50:12,284,376
414,9/1/2015 01:35:09,9/1/2015 01:49:45,304,327
415,9/1/2015 01:35:26,9/1/2015 01:50:02,304,327
416,9/1/2015 01:35:40,9/1/2015 01:45:01,312,393
417,9/1/2015 01:37:00,9/1/2015 01:44:56,151,383
418,9/1/2015 01:38:30,9/1/2015 01:39:55,447,449
419,9/1/2015 01:38:40,9/1/2015 01:52:44,150,315
420,9/1/2015 01:38:52,9/1/2015 01:58:12,212,295
421,9/1/2015 01:39:03,9/1/2015 01:42:00,364,344
422,9/1/2015 01:39:57,9/1/2015 01:47:32,307,445
423,9/1/2015 01:40:02,9/1/2015 01:46:59,348,284
424,9/1/2015 01:40:10,9/1/2015 01:47:46,434,503
425,9/1/2015 01:40:31,9/1/2015 02:00:44,293,320
426,9/1/2015 01:41:58,9/1/2015 01:43:45,250,151
427,9/1/2015 01:42:35,9/1/2015 01:56:34,410,297
428,9/1/2015 01:42:55,9/1/2015 01:48:39,423,478
429,9/1/2015 01:43:48,9/1/2015 01:54:57,312,306
430,9/1/2015 01:43:52,9/1/2015 01:51:48,533,507
431,9/1/2015 01:44:13,9/1/2015 01:56:04,3109,3071
432,9/1/2015 01:44:16,9/1/2015 01:50:23,368,328
433,9/1/2015 01:44:38,9/1/2015 01:52:28,468,228
434,9/1/2015 01:45:15,9/1/2015 02:07:27,252,264
435,9/1/2015 01:45:17,9/1/2015 02:07:14,252,264
436,9/1/2015 01:45:20,9/1/2015 02:10:26,116,377
437,9/1/2015 01:46:09,9/1/2015 01:53:36,290,290
438,9/1/2015 01:47:09,9/1/2015 02:02:29,3087,3113
439,9/1/2015 01:47:45,9/1/2015 01:57:38,151,497
440,9/1/2015 01:48:06,9/1/2015 02:04:04,479,479
441,9/1/2015 01:49:00,9/1/2015 02:04:04,479,479
442,9/1/2015 01:49:40,9/1/2015 02:04:06,469,423
443,9/1/2015 01:49:40,9/1/2015 02:03:13,469,423
444,9/1/2015 01:49:45,9/1/2015 02:01:52,383,151
445,9/1/2015 01:52:19,9/1/2015 02:02:22,2003,380
446,9/1/2015 01:52:58,9/1/2015 01:56:31,168,482
447,9/1/2015 01:52:59,9/1/2015 02:16:16,449,300
448,9/1/2015 01:53:11,9/1/2015 02:13:57,517,306
449,9/1/2015 01:53:24,9/1/2015 01:56:43,168,482
450,9/1/2015 01:53:48,9/1/2015 01:56:23,480,495
451,9/1/2015 01:54:43,9/1/2015 02:12:57,433,326
452,9/1/2015 01:54:52,9/1/2015 02:01:18,3047,3047
453,9/1/2015 01:55:28,9/1/2015 01:58:05,281,2006
454,9/1/2015 01:55:50,9/1/2015 02:00:25,536,487
455,9/1/2015 01:56:24,9/1/2015 02:03:26,444,504
456,9/1/2015 01:56:29,9/1/2015 02:06:10,474,325
457,9/1/2015 01:56:42,9/1/2015 02:20:34,474,293
458,9/1/2015 01:56:54,9/1/2015 02:04:04,432,348
459,9/1/2015 01:57:16,9/1/2015 02:05:54,3087,3113
460,9/1/2015 01:57:18,9/1/2015 02:05:08,434,512
461,9/1/2015 01:58:37,9/1/2015 02:22:49,401,3087
462,9/1/2015 01:58:43,9/1/2015 02:22:45,401,3087
463,9/1/2015 01:59:56,9/1/2015 02:11:05,490,440
464,9/1/2015 02:00:06,9/1/2015 02:05:49,301,307
465,9/1/2015 02:00:15,9/1/2015 02:04:51,2006,469
466,9/1/2015 02:00:41,9/1/2015 02:13:10,116,251
467,9/1/2015 02:00:54,9/1/2015 02:16:25,469,450
468,9/1/2015 02:02:02,9/1/2015 02:21:52,137,311
469,9/1/2015 02:02:21,9/1/2015 02:05:20,382,475
470,9/1/2015 02:02:24,9/1/2015 02:14:24,349,161
471,9/1/2015 02:02:55,9/1/2015 02:06:01,382,223
472,9/1/2015 02:03:23,9/1/2015 02:08:35,327,146
473,9/1/2015 02:03:24,9/1/2015 02:16:03,434,449
474,9/1/2015 02:03:40,9/1/2015 02:08:23,327,146
475,9/1/2015 02:05:17,9/1/2015 02:16:52,367,480
476,9/1/2015 02:07:49,9/1/2015 02:32:42,2006,263
477,9/1/2015 02:08:01,9/1/2015 02:25:08,290,3130
478,9/1/2015 02:08:04,9/1/2015 02:26:06,3088,3048
479,9/1/2015 02:08:41,9/1/2015 02:18:56,497,477
480,9/1/2015 02:08:41,9/1/2015 02:21:29,490,281
481,9/1/2015 02:08:43,9/1/2015 02:14:37,488,489
482,9/1/2015 02:09:22,9/1/2015 02:40:31,497,150
483,9/1/2015 02:09:21,9/1/2015 02:19:42,458,442
484,9/1/2015 02:09:27,9/1/2015 02:22:00,446,438
485,9/1/2015 02:09:59,9/1/2015 02:14:06,444,442
486,9/1/2015 02:10:49,9/1/2015 02:19:50,458,442
487,9/1/2015 02:11:08,9/1/2015 02:27:19,3090,3055
488,9/1/2015 02:11:44,9/1/2015 02:16:34,434,489
489,9/1/2015 02:11:58,9/1/2015 02:18:16,461,428
490,9/1/2015 02:12:02,9/1/2015 02:28:41,297,127
491,9/1/2015 02:13:58,9/1/2015 02:18:26,438,483
492,9/1/2015 02:14:12,9/1/2015 02:21:31,458,492
493,9/1/2015 02:15:20,9/1/2015 02:24:19,434,453
494,9/1/2015 02:15:52,9/1/2015 02:22:04,379,402
495,9/1/2015 02:15:55,9/1/2015 02:18:51,264,415
496,9/1/2015 02:16:17,9/1/2015 02:19:31,264,415
497,9/1/2015 02:16:23,9/1/2015 02:25:21,489,116
498,9/1/2015 02:18:16,9/1/2015 02:24:34,250,268
499,9/1/2015 02:18:34,9/1/2015 02:39:25,282,282
500,9/1/2015 02:19:00,9/1/2015 02:20:54,449,450
501,9/1/2015 02:19:57,9/1/2015 02:29:27,461,432
502,9/1/2015 02:21:29,9/1/2015 02:47:15,3088,410
503,9/1/2015 02:21:50,9/1/2015 02:36:34,358,2021
504,9/1/2015 02:22:30,9/1/2015 02:41:25,2021,128
505,9/1/2015 02:22:30,9/1/2015 02:41:56,368,489
506,9/1/2015 02:25:26,9/1/2015 02:31:56,386,360
507,9/1/2015 02:25:54,9/1/2015 02:49:38,263,3115
508,9/1/2015 02:25:56,9/1/2015 02:29:33,386,268
509,9/1/2015 02:26:01,9/1/2015 02:32:00,449,499
510,9/1/2015 02:26:13,9/1/2015 02:30:17,376,386
511,9/1/2015 02:26:13,9/1/2015 02:34:52,320,316
512,9/1/2015 02:27:47,9/1/2015 02:32:00,517,518
513,9/1/2015 02:27:49,9/1/2015 02:31:23,336,254
514,9/1/2015 02:27:55,9/1/2015 02:34:16,455,528
515,9/1/2015 02:29:13,9/1/2015 02:38:11,531,432
516,9/1/2015 02:29:57,9/1/2015 02:44:12,173,293
517,9/1/2015 02:30:02,9/1/2015 02:42:57,3055,3042
518,9/1/2015 02:30:47,9/1/2015 02:37:11,306,331
519,9/1/2015 02:32:12,9/1/2015 02:40:59,504,348
520,9/1/2015 02:32:26,9/1/2015 02:37:08,455,528
521,9/1/2015 02:32:57,9/1/2015 02:42:38,519,492
522,9/1/2015 02:33:07,9/1/2015 02:46:28,173,382
523,9/1/2015 02:33:07,9/1/2015 03:00:08,2000,245
524,9/1/2015 02:33:17,9/1/2015 02:39:54,426,224
525,9/1/2015 02:33:27,9/1/2015 02:39:53,426,224
526,9/1/2015 02:35:00,9/1/2015 02:42:33,229,546
527,9/1/2015 02:35:02,9/1/2015 02:37:50,531,401
528,9/1/2015 02:36:02,9/1/2015 03:00:45,268,3087
529,9/1/2015 02:37:37,9/1/2015 02:46:33,442,520
530,9/1/2015 02:38:16,9/1/2015 05:25:29,312,285
531,9/1/2015 02:39:24,9/1/2015 02:44:00,284,435
532,9/1/2015 02:39:58,9/1/2015 03:01:39,410,296
533,9/1/2015 02:40:00,9/1/2015 02:50:03,146,376
534,9/1/2015 02:40:31,9/1/2015 02:50:10,146,376
535,9/1/2015 02:40:50,9/1/2015 02:45:37,528,461
536,9/1/2015 02:41:32,9/1/2015 02:50:08,3107,3095
537,9/1/2015 02:42:27,9/1/2015 02:44:46,3088,3090
538,9/1/2015 02:43:18,9/1/2015 02:56:14,434,478
539,9/1/2015 02:46:56,9/1/2015 02:49:31,3079,3076
540,9/1/2015 02:47:16,9/1/2015 03:08:50,469,312
541,9/1/2015 02:47:21,9/1/2015 02:53:18,382,151
542,9/1/2015 02:48:12,9/1/2015 02:54:26,433,293
543,9/1/2015 02:48:40,9/1/2015 02:54:27,433,293
544,9/1/2015 02:48:54,9/1/2015 02:55:39,261,143
545,9/1/2015 02:49:29,9/1/2015 02:58:58,327,368
546,9/1/2015 02:50:44,9/1/2015 03:14:03,439,382
547,9/1/2015 02:51:06,9/1/2015 02:55:02,435,284
548,9/1/2015 02:53:52,9/1/2015 02:58:14,519,518
549,9/1/2015 02:54:07,9/1/2015 02:57:06,433,511
550,9/1/2015 02:57:21,9/1/2015 03:02:52,439,368
551,9/1/2015 02:57:28,9/1/2015 03:03:41,438,511
552,9/1/2015 02:58:11,9/1/2015 03:14:35,328,479
553,9/1/2015 02:58:38,9/1/2015 03:03:11,497,116
554,9/1/2015 02:58:56,9/1/2015 03:07:48,223,474
555,9/1/2015 03:00:03,9/1/2015 03:12:18,479,498
556,9/1/2015 03:00:13,9/1/2015 03:11:59,479,498
557,9/1/2015 03:02:05,9/1/2015 03:06:26,473,375
558,9/1/2015 03:02:56,9/1/2015 03:27:13,470,285
559,9/1/2015 03:08:31,9/1/2015 03:10:42,236,432
560,9/1/2015 03:11:39,9/1/2015 03:22:59,251,534
561,9/1/2015 03:11:59,9/1/2015 03:19:19,161,438
562,9/1/2015 03:12:23,9/1/2015 03:20:12,161,236
563,9/1/2015 03:13:42,9/1/2015 03:33:54,295,280
564,9/1/2015 03:15:13,9/1/2015 03:23:53,3066,364
565,9/1/2015 03:15:44,9/1/2015 03:18:23,503,537
566,9/1/2015 03:16:41,9/1/2015 03:19:48,468,513
567,9/1/2015 03:18:11,9/1/2015 03:24:49,499,359
568,9/1/2015 03:19:57,9/1/2015 03:40:13,312,3066
569,9/1/2015 03:20:48,9/1/2015 03:34:49,408,408
570,9/1/2015 03:21:12,9/1/2015 03:29:19,479,513
571,9/1/2015 03:21:46,9/1/2015 03:35:15,281,281
572,9/1/2015 03:23:20,9/1/2015 03:37:19,432,128
573,9/1/2015 03:25:54,9/1/2015 03:47:10,3223,402
574,9/1/2015 03:26:15,9/1/2015 03:33:11,497,394
575,9/1/2015 03:28:30,9/1/2015 03:42:18,434,479
576,9/1/2015 03:29:26,9/1/2015 03:52:47,382,82
577,9/1/2015 03:31:04,9/1/2015 03:45:29,295,314
578,9/1/2015 03:33:59,9/1/2015 03:40:19,380,439
579,9/1/2015 03:34:11,9/1/2015 04:29:04,489,529
580,9/1/2015 03:34:27,9/1/2015 04:28:58,489,529
581,9/1/2015 03:35:35,9/1/2015 03:42:43,128,369
582,9/1/2015 03:35:47,9/1/2015 03:57:00,411,309
583,9/1/2015 03:40:05,9/1/2015 10:26:21,281,529
584,9/1/2015 03:44:15,9/1/2015 05:07:44,477,3066
585,9/1/2015 03:45:13,9/1/2015 05:08:07,477,3066
586,9/1/2015 03:50:03,9/1/2015 04:04:19,3119,3113
587,9/1/2015 03:53:33,9/1/2015 04:11:57,369,514
588,9/1/2015 03:59:02,9/1/2015 04:06:56,477,513
589,9/1/2015 04:01:03,9/1/2015 04:20:02,2009,463
590,9/1/2015 04:01:19,9/1/2015 04:03:45,379,521
591,9/1/2015 04:02:48,9/1/2015 04:07:53,229,336
592,9/1/2015 04:05:06,9/1/2015 04:15:02,212,212
593,9/1/2015 04:06:55,9/1/2015 04:12:22,437,384
594,9/1/2015 04:07:09,9/1/2015 04:12:59,497,466
595,9/1/2015 04:07:39,9/1/2015 04:31:12,317,411
596,9/1/2015 04:09:59,9/1/2015 04:15:33,212,212
597,9/1/2015 04:10:23,9/1/2015 04:40:17,293,331
598,9/1/2015 04:11:31,9/1/2015 04:21:49,323,321
599,9/1/2015 04:12:10,9/1/2015 04:17:23,498,153
600,9/1/2015 04:12:25,9/1/2015 04:18:46,312,348
601,9/1/2015 04:12:57,9/1/2015 04:17:42,353,431
602,9/1/2015 04:13:21,9/1/2015 04:29:02,331,347
603,9/1/2015 04:17:59,9/1/2015 04:26:25,480,465
604,9/1/2015 04:19:09,9/1/2015 04:24:45,251,349
605,9/1/2015 04:19:35,9/1/2015 04:31:30,334,504
606,9/1/2015 04:22:19,9/1/2015 04:26:10,285,326
607,9/1/2015 04:23:44,9/1/2015 04:39:20,438,355
608,9/1/2015 04:25:19,9/1/2015 04:57:00,521,279
609,9/1/2015 04:26:44,9/1/2015 04:38:50,438,355
610,9/1/2015 04:26:59,9/1/2015 04:42:41,447,223
611,9/1/2015 04:27:26,9/1/2015 04:31:51,417,82
612,9/1/2015 04:32:25,9/1/2015 04:40:32,499,495
613,9/1/2015 04:33:00,9/1/2015 04:39:33,478,490
614,9/1/2015 04:33:23,9/1/2015 04:43:17,515,533
615,9/1/2015 04:35:24,9/1/2015 04:43:59,174,522
616,9/1/2015 04:40:58,9/1/2015 04:52:13,455,497
617,9/1/2015 04:41:45,9/1/2015 04:51:18,488,435
618,9/1/2015 04:42:39,9/1/2015 04:45:28,293,252
619,9/1/2015 04:42:41,9/1/2015 04:51:14,546,458
620,9/1/2015 04:42:48,9/1/2015 04:59:34,530,497
621,9/1/2015 04:43:24,9/1/2015 04:57:47,470,309
622,9/1/2015 04:46:40,9/1/2015 05:00:48,521,2012
623,9/1/2015 04:48:10,9/1/2015 05:20:31,475,161
624,9/1/2015 04:48:14,9/1/2015 04:52:42,284,382
625,9/1/2015 04:48:32,9/1/2015 05:00:43,281,352
626,9/1/2015 04:49:09,9/1/2015 04:50:22,264,376
627,9/1/2015 04:49:24,9/1/2015 04:51:23,476,546
628,9/1/2015 04:50:02,9/1/2015 04:57:25,536,440
629,9/1/2015 04:51:53,9/1/2015 04:56:56,546,435
630,9/1/2015 04:55:12,9/1/2015 05:01:36,312,295
631,9/1/2015 04:55:47,9/1/2015 05:18:57,455,459
632,9/1/2015 04:56:21,9/1/2015 17:37:03,450,385
633,9/1/2015 04:57:51,9/1/2015 05:10:08,476,173
634,9/1/2015 04:58:40,9/1/2015 05:12:05,229,493
635,9/1/2015 04:59:46,9/1/2015 05:02:09,483,382
636,9/1/2015 05:02:33,9/1/2015 05:09:34,423,72
637,9/1/2015 05:02:41,9/1/2015 05:26:57,307,3109
638,9/1/2015 05:03:28,9/1/2015 05:07:24,431,353
639,9/1/2015 05:03:47,9/1/2015 05:25:37,366,497
640,9/1/2015 05:03:58,9/1/2015 05:29:50,439,462
641,9/1/2015 05:04:05,9/1/2015 05:09:26,537,453
642,9/1/2015 05:05:11,9/1/2015 05:06:17,284,284
643,9/1/2015 05:06:52,9/1/2015 05:20:07,284,533
644,9/1/2015 05:08:20,9/1/2015 05:19:12,228,466
645,9/1/2015 05:09:25,9/1/2015 05:18:57,405,426
646,9/1/2015 05:10:01,9/1/2015 05:18:20,439,476
647,9/1/2015 05:10:05,9/1/2015 05:24:33,295,383
648,9/1/2015 05:11:03,9/1/2015 05:18:12,492,520
649,9/1/2015 05:11:20,9/1/2015 05:20:07,410,438
650,9/1/2015 05:11:24,9/1/2015 05:21:25,340,351
651,9/1/2015 05:11:32,9/1/2015 05:13:25,438,293
652,9/1/2015 05:11:41,9/1/2015 05:19:10,368,435
653,9/1/2015 05:12:02,9/1/2015 05:18:47,383,491
654,9/1/2015 05:12:51,9/1/2015 05:50:27,128,495
655,9/1/2015 05:12:54,9/1/2015 05:31:14,461,358
656,9/1/2015 05:13:10,9/1/2015 05:21:49,236,307
657,9/1/2015 05:13:40,9/1/2015 05:28:41,531,521
658,9/1/2015 05:14:14,9/1/2015 05:33:22,487,72
659,9/1/2015 05:14:42,9/1/2015 05:39:02,500,459
660,9/1/2015 05:14:54,9/1/2015 05:17:43,351,306
661,9/1/2015 05:15:46,9/1/2015 05:23:05,521,491
662,9/1/2015 05:16:31,9/1/2015 05:30:30,435,284
663,9/1/2015 05:17:44,9/1/2015 05:22:01,492,444
664,9/1/2015 05:17:50,9/1/2015 05:36:14,498,394
665,9/1/2015 05:18:07,9/1/2015 05:32:43,317,2012
666,9/1/2015 05:18:17,9/1/2015 05:29:03,128,195
667,9/1/2015 05:18:53,9/1/2015 05:32:15,305,465
668,9/1/2015 05:18:55,9/1/2015 05:26:59,489,267
669,9/1/2015 05:20:24,9/1/2015 05:37:53,466,426
670,9/1/2015 05:20:54,9/1/2015 06:43:09,488,488
671,9/1/2015 05:21:19,9/1/2015 05:40:19,352,305
672,9/1/2015 05:21:20,9/1/2015 05:34:17,470,447
673,9/1/2015 05:21:39,9/1/2015 05:34:26,261,330
674,9/1/2015 05:21:52,9/1/2015 06:58:31,488,488
675,9/1/2015 05:22:04,9/1/2015 05:30:33,393,347
676,9/1/2015 05:22:14,9/1/2015 06:44:23,488,488
677,9/1/2015 05:22:20,9/1/2015 05:46:11,546,327
678,9/1/2015 05:22:24,9/1/2015 05:33:01,305,72
679,9/1/2015 05:22:37,9/1/2015 07:08:30,488,488
680,9/1/2015 05:24:42,9/1/2015 05:27:08,509,334
681,9/1/2015 05:25:18,9/1/2015 05:32:41,545,455
682,9/1/2015 05:25:23,9/1/2015 05:31:09,458,334
683,9/1/2015 05:25:38,9/1/2015 05:35:10,478,519
684,9/1/2015 05:25:39,9/1/2015 05:35:13,491,522
685,9/1/2015 05:25:56,9/1/2015 05:43:43,410,519
686,9/1/2015 05:26:01,9/1/2015 05:31:45,238,470
687,9/1/2015 05:26:16,9/1/2015 05:32:15,489,446
688,9/1/2015 05:26:26,9/1/2015 05:39:50,297,479
689,9/1/2015 05:26:39,9/1/2015 05:34:09,448,505
690,9/1/2015 05:26:45,9/1/2015 05:44:43,164,459
691,9/1/2015 05:26:56,9/1/2015 05:35:19,528,402
692,9/1/2015 05:27:15,9/1/2015 05:32:02,3047,3056
693,9/1/2015 05:27:24,9/1/2015 05:31:52,487,536
694,9/1/2015 05:27:36,9/1/2015 05:35:38,477,522
695,9/1/2015 05:27:48,9/1/2015 05:31:46,509,435
696,9/1/2015 05:27:56,9/1/2015 05:32:00,376,534
697,9/1/2015 05:28:16,9/1/2015 05:39:28,454,533
698,9/1/2015 05:28:17,9/1/2015 05:30:40,450,479
699,9/1/2015 05:28:20,9/1/2015 05:30:43,363,3002
700,9/1/2015 05:28:25,9/1/2015 05:39:26,312,417
701,9/1/2015 05:28:34,9/1/2015 05:32:53,512,453
702,9/1/2015 05:28:53,9/1/2015 05:48:16,164,238
703,9/1/2015 05:28:56,9/1/2015 05:40:33,477,493
704,9/1/2015 05:28:59,9/1/2015 05:32:42,254,285
705,9/1/2015 05:29:09,9/1/2015 05:49:50,265,366
706,9/1/2015 05:29:29,9/1/2015 05:36:14,477,546
707,9/1/2015 05:30:11,9/1/2015 05:41:10,434,329
708,9/1/2015 05:30:13,9/1/2015 05:41:32,477,444
709,9/1/2015 05:30:16,9/1/2015 05:55:19,530,151
710,9/1/2015 05:30:31,9/1/2015 05:39:23,295,417
711,9/1/2015 05:31:03,9/1/2015 05:40:07,295,417
712,9/1/2015 05:31:07,9/1/2015 05:39:19,492,167
713,9/1/2015 05:31:10,9/1/2015 05:35:20,521,458
714,9/1/2015 05:31:09,9/1/2015 05:41:58,495,459
715,9/1/2015 05:31:12,9/1/2015 05:41:31,340,439
716,9/1/2015 05:31:17,9/1/2015 05:47:54,325,223
717,9/1/2015 05:31:32,9/1/2015 05:40:52,379,297
718,9/1/2015 05:32:09,9/1/2015 05:42:34,514,499
719,9/1/2015 05:32:19,9/1/2015 05:38:37,518,318
720,9/1/2015 05:32:23,9/1/2015 05:50:43,291,536
721,9/1/2015 05:32:26,9/1/2015 05:38:27,521,459
722,9/1/2015 05:32:26,9/1/2015 05:38:21,490,485
723,9/1/2015 05:32:25,9/1/2015 05:36:35,3110,3104
724,9/1/2015 05:32:28,9/1/2015 05:39:45,521,153
725,9/1/2015 05:32:44,9/1/2015 05:43:18,301,251
726,9/1/2015 05:32:52,9/1/2015 05:44:30,499,494
727,9/1/2015 05:33:05,9/1/2015 05:42:26,447,486
728,9/1/2015 05:33:17,9/1/2015 05:38:43,450,465
729,9/1/2015 05:33:38,9/1/2015 05:44:18,127,435
730,9/1/2015 05:33:39,9/1/2015 05:36:21,521,494
731,9/1/2015 05:34:03,9/1/2015 05:48:39,150,116
732,9/1/2015 05:34:36,9/1/2015 05:46:01,348,536
733,9/1/2015 05:34:41,9/1/2015 05:44:04,363,329
734,9/1/2015 05:34:43,9/1/2015 05:56:11,521,457
735,9/1/2015 05:35:02,9/1/2015 05:41:17,488,458
736,9/1/2015 05:35:07,9/1/2015 06:02:20,329,329
737,9/1/2015 05:35:34,9/1/2015 05:50:42,3094,3119
738,9/1/2015 05:35:36,9/1/2015 05:56:45,467,309
739,9/1/2015 05:35:40,9/1/2015 05:45:45,438,474
740,9/1/2015 05:35:43,9/1/2015 05:37:46,236,293
741,9/1/2015 05:35:46,9/1/2015 05:39:23,329,417
742,9/1/2015 05:35:58,9/1/2015 05:44:07,438,285
743,9/1/2015 05:36:02,9/1/2015 05:45:05,492,318
744,9/1/2015 05:36:04,9/1/2015 05:47:53,502,280
745,9/1/2015 05:36:47,9/1/2015 05:42:22,364,241
746,9/1/2015 05:37:33,9/1/2015 05:42:08,453,442
747,9/1/2015 05:38:08,9/1/2015 05:41:35,529,173
748,9/1/2015 05:38:10,9/1/2015 05:46:15,151,147
749,9/1/2015 05:38:14,9/1/2015 05:42:00,147,329
750,9/1/2015 05:38:20,9/1/2015 05:55:30,518,459
751,9/1/2015 05:38:28,9/1/2015 05:49:54,445,358
752,9/1/2015 05:38:35,9/1/2015 05:49:11,507,465
753,9/1/2015 05:38:41,9/1/2015 05:46:57,128,330
754,9/1/2015 05:38:47,9/1/2015 05:43:08,492,153
755,9/1/2015 05:38:47,9/1/2015 05:44:42,237,497
756,9/1/2015 05:38:56,9/1/2015 05:45:43,224,2004
757,9/1/2015 05:38:59,9/1/2015 05:43:13,72,478
758,9/1/2015 05:39:02,9/1/2015 05:48:03,483,284
759,9/1/2015 05:39:01,9/1/2015 05:50:35,502,152
760,9/1/2015 05:39:28,9/1/2015 05:48:15,483,284
761,9/1/2015 05:39:54,9/1/2015 05:41:27,487,487
762,9/1/2015 05:40:11,9/1/2015 06:00:00,394,195
763,9/1/2015 05:40:25,9/1/2015 05:44:05,453,459
764,9/1/2015 05:40:26,9/1/2015 05:45:55,281,499
765,9/1/2015 05:40:54,9/1/2015 05:53:10,432,474
766,9/1/2015 05:41:01,9/1/2015 05:53:00,147,146
767,9/1/2015 05:41:34,9/1/2015 06:03:44,477,2012
768,9/1/2015 05:41:40,9/1/2015 05:50:46,487,518
769,9/1/2015 05:41:46,9/1/2015 06:13:01,261,465
770,9/1/2015 05:41:50,9/1/2015 05:46:26,479,490
771,9/1/2015 05:41:51,9/1/2015 05:50:10,385,137
772,9/1/2015 05:41:55,9/1/2015 05:49:56,450,508
773,9/1/2015 05:42:07,9/1/2015 05:51:52,383,327
774,9/1/2015 05:42:15,9/1/2015 05:50:24,457,359
775,9/1/2015 05:42:21,9/1/2015 05:48:24,470,442
776,9/1/2015 05:42:27,9/1/2015 05:56:34,432,485
777,9/1/2015 05:42:35,9/1/2015 05:46:47,363,327
778,9/1/2015 05:42:47,9/1/2015 05:48:55,151,347
779,9/1/2015 05:42:50,9/1/2015 05:46:22,376,309
780,9/1/2015 05:42:54,9/1/2015 06:00:29,300,173
781,9/1/2015 05:43:14,9/1/2015 05:48:46,300,497
782,9/1/2015 05:43:31,9/1/2015 05:53:54,290,461
783,9/1/2015 05:43:34,9/1/2015 05:53:25,492,455
784,9/1/2015 05:43:44,9/1/2015 05:52:57,492,520
785,9/1/2015 05:43:45,9/1/2015 05:50:45,446,285
786,9/1/2015 05:44:05,9/1/2015 05:48:01,521,523
787,9/1/2015 05:44:13,9/1/2015 05:52:26,403,536
788,9/1/2015 05:44:23,9/1/2015 05:49:37,521,493
789,9/1/2015 05:44:26,9/1/2015 06:07:05,366,253
790,9/1/2015 05:44:42,9/1/2015 05:48:09,360,417
791,9/1/2015 05:44:50,9/1/2015 05:49:56,2008,363
792,9/1/2015 05:44:52,9/1/2015 06:11:35,521,259
793,9/1/2015 05:44:54,9/1/2015 05:50:53,521,458
794,9/1/2015 05:45:15,9/1/2015 05:51:13,465,446
795,9/1/2015 05:45:20,9/1/2015 05:48:05,146,309
796,9/1/2015 05:45:21,9/1/2015 05:52:02,442,212
797,9/1/2015 05:45:24,9/1/2015 05:55:07,477,528
798,9/1/2015 05:45:26,9/1/2015 05:54:21,519,335
799,9/1/2015 05:45:29,9/1/2015 05:52:41,521,491
800,9/1/2015 05:45:31,9/1/2015 05:57:19,290,293
801,9/1/2015 05:45:40,9/1/2015 05:57:26,521,359
802,9/1/2015 05:45:43,9/1/2015 05:48:32,306,351
803,9/1/2015 05:46:00,9/1/2015 05:55:46,448,450
804,9/1/2015 05:46:01,9/1/2015 05:52:13,487,536
805,9/1/2015 05:46:07,9/1/2015 05:53:35,318,523
806,9/1/2015 05:46:14,9/1/2015 05:52:02,495,465
807,9/1/2015 05:46:14,9/1/2015 05:54:47,488,160
808,9/1/2015 05:46:15,9/1/2015 05:53:12,529,520
809,9/1/2015 05:46:19,9/1/2015 05:58:51,422,359
810,9/1/2015 05:46:17,9/1/2015 05:51:38,318,137
811,9/1/2015 05:46:18,9/1/2015 05:56:41,485,281
812,9/1/2015 05:46:30,9/1/2015 05:51:16,446,489
813,9/1/2015 05:46:37,9/1/2015 05:56:50,510,476
814,9/1/2015 05:46:38,9/1/2015 05:53:43,274,143
815,9/1/2015 05:46:46,9/1/2015 05:55:14,300,474
816,9/1/2015 05:46:49,9/1/2015 05:48:29,380,358
817,9/1/2015 05:46:54,9/1/2015 05:53:09,529,522
818,9/1/2015 05:47:04,9/1/2015 06:08:29,539,360
819,9/1/2015 05:47:06,9/1/2015 05:49:33,447,510
820,9/1/2015 05:47:21,9/1/2015 05:52:55,264,152
821,9/1/2015 05:47:25,9/1/2015 05:50:05,305,522
822,9/1/2015 05:47:36,9/1/2015 05:59:16,519,435
823,9/1/2015 05:47:51,9/1/2015 06:01:57,401,546
824,9/1/2015 05:48:17,9/1/2015 05:55:52,477,469
825,9/1/2015 05:48:19,9/1/2015 05:52:21,477,493
826,9/1/2015 05:48:20,9/1/2015 05:51:35,325,483
827,9/1/2015 05:48:24,9/1/2015 05:53:55,483,223
828,9/1/2015 05:48:28,9/1/2015 06:05:33,261,491
829,9/1/2015 05:48:29,9/1/2015 05:52:21,264,417
830,9/1/2015 05:48:51,9/1/2015 05:59:32,529,352
831,9/1/2015 05:48:52,9/1/2015 05:55:59,439,253
832,9/1/2015 05:48:57,9/1/2015 05:54:08,3076,3087
833,9/1/2015 05:49:06,9/1/2015 05:57:59,358,459
834,9/1/2015 05:49:18,9/1/2015 05:55:44,2022,228
835,9/1/2015 05:49:34,9/1/2015 05:54:04,290,456
836,9/1/2015 05:49:43,9/1/2015 05:58:21,418,241
837,9/1/2015 05:49:47,9/1/2015 05:55:45,462,521
838,9/1/2015 05:49:51,9/1/2015 05:58:10,300,486
839,9/1/2015 05:50:03,9/1/2015 05:57:07,357,466
840,9/1/2015 05:50:22,9/1/2015 06:00:55,263,382
841,9/1/2015 05:50:31,9/1/2015 05:55:32,529,510
842,9/1/2015 05:50:34,9/1/2015 05:57:45,519,486
843,9/1/2015 05:50:55,9/1/2015 06:19:36,394,279
844,9/1/2015 05:51:09,9/1/2015 05:59:25,441,173
845,9/1/2015 05:51:18,9/1/2015 06:02:10,387,376
846,9/1/2015 05:51:22,9/1/2015 05:57:38,529,513
847,9/1/2015 05:51:27,9/1/2015 06:05:25,529,290
848,9/1/2015 05:51:33,9/1/2015 06:02:20,477,441
849,9/1/2015 05:51:33,9/1/2015 05:56:44,388,466
850,9/1/2015 05:51:41,9/1/2015 06:14:56,519,426
851,9/1/2015 05:51:46,9/1/2015 05:58:57,279,329
852,9/1/2015 05:51:52,9/1/2015 05:56:43,504,2012
853,9/1/2015 05:51:58,9/1/2015 05:58:25,399,324
854,9/1/2015 05:52:03,9/1/2015 05:58:16,3002,329
855,9/1/2015 05:52:10,9/1/2015 05:57:21,515,490
856,9/1/2015 05:52:11,9/1/2015 05:59:52,502,295
857,9/1/2015 05:52:15,9/1/2015 06:07:16,477,2022
858,9/1/2015 05:52:18,9/1/2015 06:00:23,507,519
859,9/1/2015 05:52:19,9/1/2015 05:57:01,382,168
860,9/1/2015 05:52:20,9/1/2015 05:58:58,497,545
861,9/1/2015 05:52:35,9/1/2015 06:06:08,435,173
862,9/1/2015 05:52:45,9/1/2015 06:04:06,477,546
863,9/1/2015 05:52:48,9/1/2015 06:03:05,511,497
864,9/1/2015 05:52:50,9/1/2015 05:59:40,470,470
865,9/1/2015 05:53:19,9/1/2015 05:58:05,512,459
866,9/1/2015 05:53:24,9/1/2015 06:03:23,529,305
867,9/1/2015 05:53:26,9/1/2015 06:04:38,529,435
868,9/1/2015 05:53:34,9/1/2015 06:01:08,529,318
869,9/1/2015 05:53:40,9/1/2015 06:03:10,127,446
870,9/1/2015 05:53:49,9/1/2015 05:57:08,278,430
871,9/1/2015 05:54:11,9/1/2015 06:00:11,359,500
872,9/1/2015 05:54:19,9/1/2015 06:00:39,529,519
873,9/1/2015 05:54:36,9/1/2015 06:01:58,387,376
874,9/1/2015 05:54:44,9/1/2015 06:06:54,483,426
875,9/1/2015 05:54:48,9/1/2015 05:57:10,540,472
876,9/1/2015 05:54:51,9/1/2015 06:06:33,284,536
877,9/1/2015 05:54:58,9/1/2015 05:58:56,485,518
878,9/1/2015 05:55:14,9/1/2015 06:00:58,521,515
879,9/1/2015 05:55:17,9/1/2015 06:31:32,3058,313
880,9/1/2015 05:55:22,9/1/2015 06:26:33,391,477
881,9/1/2015 05:55:29,9/1/2015 06:06:33,490,2006
882,9/1/2015 05:55:36,9/1/2015 05:58:43,147,387
883,9/1/2015 05:55:52,9/1/2015 06:08:11,505,499
884,9/1/2015 05:55:57,9/1/2015 06:05:42,168,465
885,9/1/2015 05:56:01,9/1/2015 06:00:50,116,521
886,9/1/2015 05:56:00,9/1/2015 06:00:39,2003,536
887,9/1/2015 05:56:12,9/1/2015 06:16:22,363,458
888,9/1/2015 05:56:14,9/1/2015 06:09:21,511,160
889,9/1/2015 05:56:17,9/1/2015 06:08:21,355,503
890,9/1/2015 05:56:21,9/1/2015 06:01:27,512,435
891,9/1/2015 05:56:25,9/1/2015 05:59:24,297,503
892,9/1/2015 05:56:32,9/1/2015 06:05:24,477,510
893,9/1/2015 05:56:33,9/1/2015 06:00:11,454,367
894,9/1/2015 05:56:39,9/1/2015 06:01:29,521,477
895,9/1/2015 05:56:42,9/1/2015 06:00:11,368,347
896,9/1/2015 05:56:49,9/1/2015 06:10:41,477,335
897,9/1/2015 05:56:56,9/1/2015 06:00:16,410,251
898,9/1/2015 05:57:09,9/1/2015 06:05:50,268,327
899,9/1/2015 05:57:14,9/1/2015 06:10:02,461,173
900,9/1/2015 05:57:24,9/1/2015 06:04:09,521,519
901,9/1/2015 05:57:27,9/1/2015 06:00:27,433,2003
902,9/1/2015 05:57:26,9/1/2015 06:08:12,482,510
903,9/1/2015 05:57:28,9/1/2015 06:02:52,3222,242
904,9/1/2015 05:57:42,9/1/2015 06:09:43,428,507
905,9/1/2015 05:57:44,9/1/2015 06:17:06,379,501
906,9/1/2015 05:57:55,9/1/2015 06:03:58,529,510
907,9/1/2015 05:57:58,9/1/2015 06:01:14,326,297
908,9/1/2015 05:58:04,9/1/2015 06:00:51,223,116
909,9/1/2015 05:58:06,9/1/2015 06:01:40,237,445
910,9/1/2015 05:58:31,9/1/2015 06:07:08,311,504
911,9/1/2015 05:58:47,9/1/2015 06:03:39,364,3222
912,9/1/2015 05:58:51,9/1/2015 06:03:36,396,364
913,9/1/2015 05:59:09,9/1/2015 06:06:42,228,160
914,9/1/2015 05:59:35,9/1/2015 06:03:46,480,450
915,9/1/2015 05:59:43,9/1/2015 06:06:47,523,484
916,9/1/2015 05:59:45,9/1/2015 06:29:45,521,514
917,9/1/2015 05:59:54,9/1/2015 06:05:07,298,392
918,9/1/2015 06:00:09,9/1/2015 06:09:03,521,127
919,9/1/2015 06:00:10,9/1/2015 06:04:46,301,250
920,9/1/2015 06:00:12,9/1/2015 06:07:21,519,527
921,9/1/2015 06:00:12,9/1/2015 06:05:48,519,491
922,9/1/2015 06:00:24,9/1/2015 06:04:47,507,526
923,9/1/2015 06:00:25,9/1/2015 06:11:03,291,291
924,9/1/2015 06:00:32,9/1/2015 06:09:22,438,527
925,9/1/2015 06:00:35,9/1/2015 06:09:27,349,151
926,9/1/2015 06:00:34,9/1/2015 06:03:58,383,435
927,9/1/2015 06:00:44,9/1/2015 06:06:26,519,379
928,9/1/2015 06:00:51,9/1/2015 06:06:54,435,546
929,9/1/2015 06:00:52,9/1/2015 06:25:19,521,315
930,9/1/2015 06:01:06,9/1/2015 06:07:42,490,478
931,9/1/2015 06:01:18,9/1/2015 06:11:01,462,2021
932,9/1/2015 06:01:19,9/1/2015 06:08:54,352,422
933,9/1/2015 06:01:19,9/1/2015 06:04:37,489,521
934,9/1/2015 06:01:29,9/1/2015 06:07:02,359,479
935,9/1/2015 06:01:33,9/1/2015 06:10:21,3084,3110
936,9/1/2015 06:01:36,9/1/2015 06:06:18,116,521
937,9/1/2015 06:01:37,9/1/2015 06:31:57,195,468
938,9/1/2015 06:01:53,9/1/2015 06:04:40,137,305
939,9/1/2015 06:01:55,9/1/2015 06:07:07,529,480
940,9/1/2015 06:01:58,9/1/2015 06:07:05,491,485
941,9/1/2015 06:02:00,9/1/2015 06:12:40,504,519
942,9/1/2015 06:02:06,9/1/2015 06:07:44,317,293
943,9/1/2015 06:02:10,9/1/2015 06:12:10,521,469
944,9/1/2015 06:02:10,9/1/2015 06:07:40,477,517
945,9/1/2015 06:02:14,9/1/2015 06:10:28,358,521
946,9/1/2015 06:02:20,9/1/2015 06:18:27,519,525
947,9/1/2015 06:02:19,9/1/2015 06:33:28,382,437
948,9/1/2015 06:02:21,9/1/2015 06:07:47,270,324
949,9/1/2015 06:02:25,9/1/2015 06:11:58,359,499
950,9/1/2015 06:02:38,9/1/2015 06:16:46,519,3158
951,9/1/2015 06:02:43,9/1/2015 06:19:52,2006,422
952,9/1/2015 06:03:06,9/1/2015 06:12:24,477,359
953,9/1/2015 06:03:07,9/1/2015 06:15:27,527,151
954,9/1/2015 06:03:15,9/1/2015 06:06:31,325,402
955,9/1/2015 06:03:17,9/1/2015 06:09:11,428,293
956,9/1/2015 06:03:24,9/1/2015 06:07:15,144,430
957,9/1/2015 06:03:36,9/1/2015 06:07:44,519,526
958,9/1/2015 06:03:37,9/1/2015 06:15:53,426,383
959,9/1/2015 06:03:37,9/1/2015 06:15:05,426,383
960,9/1/2015 06:03:40,9/1/2015 06:31:05,519,360
961,9/1/2015 06:03:40,9/1/2015 06:42:14,519,243
962,9/1/2015 06:03:49,9/1/2015 06:23:02,493,468
963,9/1/2015 06:03:50,9/1/2015 06:15:19,477,2023
964,9/1/2015 06:03:53,9/1/2015 06:21:58,369,358
965,9/1/2015 06:03:55,9/1/2015 06:11:34,325,519
966,9/1/2015 06:03:57,9/1/2015 06:09:51,302,311
967,9/1/2015 06:03:57,9/1/2015 06:28:22,519,327
968,9/1/2015 06:03:55,9/1/2015 06:10:52,2003,518
969,9/1/2015 06:03:58,9/1/2015 06:26:21,479,224
970,9/1/2015 06:04:06,9/1/2015 06:10:26,359,352
971,9/1/2015 06:04:04,9/1/2015 06:13:36,325,228
972,9/1/2015 06:04:27,9/1/2015 06:46:51,143,500
973,9/1/2015 06:04:29,9/1/2015 06:08:34,493,447
974,9/1/2015 06:04:29,9/1/2015 06:10:13,478,2021
975,9/1/2015 06:04:35,9/1/2015 06:22:29,263,533
976,9/1/2015 06:04:47,9/1/2015 06:11:32,477,546
977,9/1/2015 06:04:47,9/1/2015 06:22:34,305,468
978,9/1/2015 06:04:52,9/1/2015 06:10:56,498,491
979,9/1/2015 06:05:01,9/1/2015 06:09:02,128,383
980,9/1/2015 06:05:08,9/1/2015 06:38:33,2022,223
981,9/1/2015 06:05:18,9/1/2015 06:13:48,410,128
982,9/1/2015 06:05:21,9/1/2015 06:13:41,507,440
983,9/1/2015 06:05:18,9/1/2015 06:13:10,318,477
984,9/1/2015 06:05:23,9/1/2015 06:10:32,3111,3090
985,9/1/2015 06:05:32,9/1/2015 06:12:53,521,459
986,9/1/2015 06:05:35,9/1/2015 06:10:34,472,519
987,9/1/2015 06:05:39,9/1/2015 06:14:09,474,153
988,9/1/2015 06:05:54,9/1/2015 06:18:55,540,173
989,9/1/2015 06:05:58,9/1/2015 06:13:13,319,309
990,9/1/2015 06:06:08,9/1/2015 06:19:38,495,212
991,9/1/2015 06:06:16,9/1/2015 06:08:12,127,127
992,9/1/2015 06:06:18,9/1/2015 06:30:42,357,3105
993,9/1/2015 06:06:24,9/1/2015 06:13:42,477,456
994,9/1/2015 06:06:27,9/1/2015 06:13:03,360,296
995,9/1/2015 06:06:29,9/1/2015 06:11:29,509,442
996,9/1/2015 06:06:30,9/1/2015 06:15:36,368,426
997,9/1/2015 06:06:39,9/1/2015 06:20:23,445,248
998,9/1/2015 06:06:42,9/1/2015 06:16:18,477,281
999,9/1/2015 06:06:45,9/1/2015 06:29:09,236,352
